{"cameraMode":{"drawMode":0,"name":"Shaded","section":"Shading Mode"},"sceneLighting":true,"audioPlay":false,"sceneViewState":{"m_AlwaysRefresh":false,"showFog":true,"showSkybox":false,"showFlares":true,"showImageEffects":true,"showParticleSystems":true,"showVisualEffectGraphs":true,"m_FxEnabled":true},"in2DMode":false,"pivot":{"x":13.319999694824219,"y":2.7122879028320314,"z":-5.039999961853027},"rotation":{"x":0.05877154693007469,"y":0.0017212305683642626,"z":-0.00018990944954566658,"w":0.9982197284698486},"size":12.12435531616211,"orthographic":false}